{"cameraMode":{"drawMode":0,"name":"Shaded","section":"Shading Mode"},"sceneLighting":false,"audioPlay":false,"sceneViewState":{"showFog":true,"showMaterialUpdate":true,"showSkybox":false,"showFlares":true,"showImageEffects":true,"showParticleSystems":true},"in2DMode":false,"pivot":{"x":93.63019561767578,"y":4.393802165985107,"z":24.294269561767579},"rotation":{"x":-0.14618118107318879,"y":0.7192010283470154,"z":-0.15915565192699433,"w":-0.6604097485542297},"size":1.0357658863067628,"orthographic":false}