{"cameraMode":{"drawMode":0,"name":"Shaded","section":"Shading Mode"},"sceneLighting":false,"audioPlay":false,"sceneViewState":{"showFog":true,"showMaterialUpdate":true,"showSkybox":false,"showFlares":true,"showImageEffects":true,"showParticleSystems":true},"in2DMode":false,"pivot":{"x":31.970191955566408,"y":0.9276075959205627,"z":0.4402165412902832},"rotation":{"x":-0.10440292954444885,"y":0.8875450491905212,"z":-0.24735622107982636,"w":-0.374525785446167},"size":3.403123617172241,"orthographic":false}