{"cameraMode":{"drawMode":0,"name":"Shaded","section":"Shading Mode"},"sceneLighting":false,"audioPlay":false,"sceneViewState":{"showFog":true,"showMaterialUpdate":true,"showSkybox":false,"showFlares":true,"showImageEffects":true,"showParticleSystems":true},"in2DMode":false,"pivot":{"x":-0.547515332698822,"y":-1.177371621131897,"z":-4.784671783447266},"rotation":{"x":0.1255122274160385,"y":0.7585633397102356,"z":-0.1533803939819336,"w":0.6207330822944641},"size":4.620515823364258,"orthographic":false}