{"cameraMode":{"drawMode":0,"name":"Shaded","section":"Shading Mode"},"sceneLighting":true,"audioPlay":false,"sceneViewState":{"showFog":true,"showMaterialUpdate":true,"showSkybox":false,"showFlares":true,"showImageEffects":true,"showParticleSystems":true},"in2DMode":false,"pivot":{"x":-0.7641671895980835,"y":-0.6192232966423035,"z":-0.11995523422956467},"rotation":{"x":-0.1391173154115677,"y":0.7684451341629028,"z":-0.17854009568691255,"w":-0.5986249446868897},"size":2.267915725708008,"orthographic":false}