{"cameraMode":{"drawMode":0,"name":"Shaded","section":"Shading Mode"},"sceneLighting":false,"audioPlay":false,"sceneViewState":{"showFog":true,"showMaterialUpdate":true,"showSkybox":false,"showFlares":true,"showImageEffects":true,"showParticleSystems":true},"in2DMode":false,"pivot":{"x":85.90064239501953,"y":2.2338674068450929,"z":20.54297637939453},"rotation":{"x":-0.08483203500509262,"y":0.900394856929779,"z":-0.20351995527744294,"w":-0.37518391013145449},"size":0.0989999771118164,"orthographic":false}