{"cameraMode":{"drawMode":0,"name":"Shaded","section":"Shading Mode"},"sceneLighting":false,"audioPlay":false,"sceneViewState":{"showFog":true,"showMaterialUpdate":true,"showSkybox":false,"showFlares":true,"showImageEffects":true,"showParticleSystems":true},"in2DMode":false,"pivot":{"x":-0.15610790252685548,"y":1.3538079261779786,"z":42.75239562988281},"rotation":{"x":0.036331549286842349,"y":0.9633911848068237,"z":-0.19931337237358094,"w":0.17560721933841706},"size":11.445974349975586,"orthographic":false}