{"cameraMode":{"drawMode":0,"name":"Shaded","section":"Shading Mode"},"sceneLighting":false,"audioPlay":false,"sceneViewState":{"showFog":true,"showMaterialUpdate":true,"showSkybox":false,"showFlares":true,"showImageEffects":true,"showParticleSystems":true},"in2DMode":false,"pivot":{"x":80.65718078613281,"y":2.6558923721313478,"z":16.314218521118165},"rotation":{"x":-0.10440292954444885,"y":0.8875450491905212,"z":-0.24735622107982636,"w":-0.374525785446167},"size":3.3320250511169435,"orthographic":false}