{"cameraMode":{"drawMode":0,"name":"Shaded","section":"Shading Mode"},"sceneLighting":true,"audioPlay":false,"sceneViewState":{"showFog":true,"showMaterialUpdate":true,"showSkybox":true,"showFlares":true,"showImageEffects":true,"showParticleSystems":true},"in2DMode":false,"pivot":{"x":23.09939193725586,"y":-28.060638427734376,"z":0.0},"rotation":{"x":-0.11253953725099564,"y":0.02532120607793331,"z":-0.0028332965448498728,"w":-0.9933682084083557},"size":7.789770126342773,"orthographic":false}