{"cameraMode":{"drawMode":0,"name":"Shaded","section":"Shading Mode"},"sceneLighting":false,"audioPlay":false,"sceneViewState":{"showFog":true,"showMaterialUpdate":true,"showSkybox":false,"showFlares":true,"showImageEffects":true,"showParticleSystems":true},"in2DMode":false,"pivot":{"x":1.120016098022461,"y":-1.8262853622436524,"z":0.4488368034362793},"rotation":{"x":0.036331549286842349,"y":0.9633911848068237,"z":-0.19931337237358094,"w":0.17560721933841706},"size":11.980344772338868,"orthographic":false}