{"cameraMode":{"drawMode":0,"name":"Shaded","section":"Shading Mode"},"sceneLighting":false,"audioPlay":false,"sceneViewState":{"showFog":true,"showMaterialUpdate":true,"showSkybox":false,"showFlares":true,"showImageEffects":true,"showParticleSystems":true},"in2DMode":false,"pivot":{"x":0.0,"y":0.1399996280670166,"z":0.8698750734329224},"rotation":{"x":-0.14618118107318879,"y":0.7192010283470154,"z":-0.15915565192699433,"w":-0.6604097485542297},"size":0.3689991533756256,"orthographic":false}