{"cameraMode":{"drawMode":0,"name":"Shaded","section":"Shading Mode"},"sceneLighting":false,"audioPlay":false,"sceneViewState":{"showFog":true,"showMaterialUpdate":true,"showSkybox":false,"showFlares":true,"showImageEffects":true,"showParticleSystems":true},"in2DMode":false,"pivot":{"x":0.12395888566970825,"y":0.0782201886177063,"z":0.017534077167510988},"rotation":{"x":-0.14618118107318879,"y":0.7192010283470154,"z":-0.15915565192699433,"w":-0.6604097485542297},"size":1.4082653522491456,"orthographic":false}