{"cameraMode":{"drawMode":0,"name":"Shaded","section":"Shading Mode"},"sceneLighting":false,"audioPlay":false,"sceneViewState":{"showFog":true,"showMaterialUpdate":true,"showSkybox":false,"showFlares":true,"showImageEffects":true,"showParticleSystems":true},"in2DMode":false,"pivot":{"x":0.5899977684020996,"y":2.7860162258148195,"z":0.30269932746887209},"rotation":{"x":-0.26230600476264956,"y":0.44161880016326907,"z":-0.13675867021083833,"w":-0.8470354676246643},"size":4.95726203918457,"orthographic":false}