{"cameraMode":{"drawMode":0,"name":"Shaded","section":"Shading Mode"},"sceneLighting":true,"audioPlay":false,"sceneViewState":{"showFog":true,"showMaterialUpdate":true,"showSkybox":true,"showFlares":true,"showImageEffects":true,"showParticleSystems":true},"in2DMode":false,"pivot":{"x":-236.90304565429688,"y":22.10426139831543,"z":13.195352554321289},"rotation":{"x":-0.06271136552095413,"y":0.9354549050331116,"z":-0.2743801772594452,"w":-0.21380670368671418},"size":0.9240894913673401,"orthographic":false}