{"cameraMode":{"drawMode":0,"name":"Shaded","section":"Shading Mode"},"sceneLighting":false,"audioPlay":false,"sceneViewState":{"showFog":true,"showMaterialUpdate":true,"showSkybox":false,"showFlares":true,"showImageEffects":true,"showParticleSystems":true},"in2DMode":false,"pivot":{"x":131.88653564453126,"y":1.7747199535369874,"z":58.037227630615237},"rotation":{"x":-0.10440292954444885,"y":0.8875450491905212,"z":-0.24735622107982636,"w":-0.374525785446167},"size":3.610588550567627,"orthographic":false}