{"cameraMode":{"drawMode":0,"name":"Shaded","section":"Shading Mode"},"sceneLighting":false,"audioPlay":false,"sceneViewState":{"showFog":true,"showMaterialUpdate":true,"showSkybox":false,"showFlares":true,"showImageEffects":true,"showParticleSystems":true},"in2DMode":false,"pivot":{"x":-0.16311600804328919,"y":-0.1826798915863037,"z":-0.33080583810806277},"rotation":{"x":0.2075415700674057,"y":-0.41805702447891238,"z":0.09872248768806458,"w":0.8788681626319885},"size":1.3044278621673585,"orthographic":false}