{"cameraMode":{"drawMode":0,"name":"Shaded","section":"Shading Mode"},"sceneLighting":false,"audioPlay":false,"sceneViewState":{"showFog":true,"showMaterialUpdate":true,"showSkybox":false,"showFlares":true,"showImageEffects":true,"showParticleSystems":true},"in2DMode":false,"pivot":{"x":0.03762102127075195,"y":-0.03499555587768555,"z":0.015645980834960939},"rotation":{"x":0.036331549286842349,"y":0.9633911848068237,"z":-0.19931337237358094,"w":0.17560721933841706},"size":7.766840934753418,"orthographic":false}