{"cameraMode":{"drawMode":0,"name":"Shaded","section":"Shading Mode"},"sceneLighting":true,"audioPlay":false,"sceneViewState":{"showFog":true,"showMaterialUpdate":true,"showSkybox":true,"showFlares":true,"showImageEffects":true,"showParticleSystems":true},"in2DMode":false,"pivot":{"x":-238.86117553710938,"y":12.592824935913086,"z":232.96429443359376},"rotation":{"x":0.15053661167621613,"y":0.8484652042388916,"z":-0.38042905926704409,"w":0.3357408046722412},"size":90.53831481933594,"orthographic":false}