{"cameraMode":{"drawMode":0,"name":"Shaded","section":"Shading Mode"},"sceneLighting":false,"audioPlay":false,"sceneViewState":{"showFog":true,"showMaterialUpdate":true,"showSkybox":false,"showFlares":true,"showImageEffects":true,"showParticleSystems":true},"in2DMode":false,"pivot":{"x":-2.1100006103515627,"y":0.6669249534606934,"z":-5.960464477539063e-8},"rotation":{"x":-0.10440292954444885,"y":0.8875450491905212,"z":-0.24735622107982636,"w":-0.374525785446167},"size":1.9683008193969727,"orthographic":false}