{"cameraMode":{"drawMode":0,"name":"Shaded","section":"Shading Mode"},"sceneLighting":false,"audioPlay":false,"sceneViewState":{"showFog":true,"showMaterialUpdate":true,"showSkybox":false,"showFlares":true,"showImageEffects":true,"showParticleSystems":true},"in2DMode":false,"pivot":{"x":-0.6200001239776611,"y":13.79677677154541,"z":32.20000076293945},"rotation":{"x":-0.19982771575450898,"y":-0.034680724143981937,"z":0.007077625021338463,"w":-0.9791926741600037},"size":3.138374090194702,"orthographic":false}