{"cameraMode":{"drawMode":0,"name":"Shaded","section":"Shading Mode"},"sceneLighting":false,"audioPlay":false,"sceneViewState":{"showFog":true,"showMaterialUpdate":true,"showSkybox":false,"showFlares":true,"showImageEffects":true,"showParticleSystems":true},"in2DMode":false,"pivot":{"x":0.5547027587890625,"y":0.5980110168457031,"z":-0.4466252326965332},"rotation":{"x":0.036331549286842349,"y":0.9633911848068237,"z":-0.19931337237358094,"w":0.17560721933841706},"size":11.387731552124024,"orthographic":false}