{"cameraMode":{"drawMode":0,"name":"Shaded","section":"Shading Mode"},"sceneLighting":false,"audioPlay":false,"sceneViewState":{"showFog":true,"showMaterialUpdate":true,"showSkybox":false,"showFlares":true,"showImageEffects":true,"showParticleSystems":true},"in2DMode":false,"pivot":{"x":57.54112243652344,"y":1.4626121520996094,"z":10.548556327819825},"rotation":{"x":-0.10440292954444885,"y":0.8875450491905212,"z":-0.24735622107982636,"w":-0.374525785446167},"size":1.2898151874542237,"orthographic":false}