{"cameraMode":{"drawMode":0,"name":"Shaded","section":"Shading Mode"},"sceneLighting":true,"audioPlay":false,"sceneViewState":{"showFog":true,"showMaterialUpdate":true,"showSkybox":true,"showFlares":true,"showImageEffects":true,"showParticleSystems":true},"in2DMode":false,"pivot":{"x":-168.63430786132813,"y":10.410764694213868,"z":-40.88774108886719},"rotation":{"x":0.053140074014663699,"y":0.9468241930007935,"z":-0.2287048101425171,"w":0.2199961543083191},"size":36.581783294677737,"orthographic":false}