{"cameraMode":{"drawMode":0,"name":"Shaded","section":"Shading Mode"},"sceneLighting":false,"audioPlay":false,"sceneViewState":{"showFog":true,"showMaterialUpdate":true,"showSkybox":false,"showFlares":true,"showImageEffects":true,"showParticleSystems":true},"in2DMode":false,"pivot":{"x":-7.790597915649414,"y":1.5274972915649415,"z":8.825366973876954},"rotation":{"x":-0.26230600476264956,"y":0.44161880016326907,"z":-0.13675867021083833,"w":-0.8470354676246643},"size":0.8352830410003662,"orthographic":false}