{"cameraMode":{"drawMode":0,"name":"Shaded","section":"Shading Mode"},"sceneLighting":false,"audioPlay":false,"sceneViewState":{"showFog":true,"showMaterialUpdate":true,"showSkybox":false,"showFlares":true,"showImageEffects":true,"showParticleSystems":true},"in2DMode":false,"pivot":{"x":-1.4901161193847657e-8,"y":-0.018380939960479738,"z":-6.183981895446777e-7},"rotation":{"x":0.2075415700674057,"y":-0.41805702447891238,"z":0.09872248768806458,"w":0.8788681626319885},"size":1.6044278144836426,"orthographic":false}