{"cameraMode":{"drawMode":0,"name":"Shaded","section":"Shading Mode"},"sceneLighting":true,"audioPlay":false,"sceneViewState":{"showFog":true,"showMaterialUpdate":true,"showSkybox":true,"showFlares":true,"showImageEffects":true,"showParticleSystems":true},"in2DMode":false,"pivot":{"x":8.529999732971192,"y":26.186777114868165,"z":145.99000549316407},"rotation":{"x":-0.011587751097977162,"y":-0.9533715844154358,"z":0.2993156611919403,"w":-0.036907169967889789},"size":3.138373851776123,"orthographic":false}