{"cameraMode":{"drawMode":0,"name":"Shaded","section":"Shading Mode"},"sceneLighting":true,"audioPlay":false,"sceneViewState":{"showFog":true,"showMaterialUpdate":true,"showSkybox":true,"showFlares":true,"showImageEffects":true,"showParticleSystems":true},"in2DMode":false,"pivot":{"x":-12.291312217712403,"y":1.79878568649292,"z":4.266322135925293},"rotation":{"x":-0.14618118107318879,"y":0.7192010283470154,"z":-0.15915565192699433,"w":-0.6604097485542297},"size":12.76128101348877,"orthographic":false}