{"cameraMode":{"drawMode":0,"name":"Shaded","section":"Shading Mode"},"sceneLighting":true,"audioPlay":false,"sceneViewState":{"showFog":true,"showMaterialUpdate":true,"showSkybox":true,"showFlares":true,"showImageEffects":true,"showParticleSystems":true},"in2DMode":false,"pivot":{"x":-188.0763702392578,"y":15.00637149810791,"z":272.2403564453125},"rotation":{"x":-0.13090568780899049,"y":0.6529857516288757,"z":-0.11599867045879364,"w":-0.7368991374969482},"size":20.784748077392579,"orthographic":false}