{"cameraMode":{"drawMode":0,"name":"Shaded","section":"Shading Mode"},"sceneLighting":true,"audioPlay":false,"sceneViewState":{"showFog":true,"showMaterialUpdate":true,"showSkybox":false,"showFlares":true,"showImageEffects":true,"showParticleSystems":true},"in2DMode":false,"pivot":{"x":-12.719575881958008,"y":4.920000076293945,"z":-2.533661127090454},"rotation":{"x":-0.011587751097977162,"y":-0.9533715844154358,"z":0.2993156611919403,"w":-0.036907169967889789},"size":0.46791574358940127,"orthographic":false}