{"cameraMode":{"drawMode":0,"name":"Shaded","section":"Shading Mode"},"sceneLighting":true,"audioPlay":false,"sceneViewState":{"showFog":true,"showMaterialUpdate":true,"showSkybox":true,"showFlares":true,"showImageEffects":true,"showParticleSystems":true},"in2DMode":false,"pivot":{"x":-64.5261459350586,"y":-16.84638214111328,"z":102.69293212890625},"rotation":{"x":0.13033844530582429,"y":-0.22110037505626679,"z":0.029845668002963067,"w":0.9660742878913879},"size":86.42657470703125,"orthographic":false}