{"cameraMode":{"drawMode":0,"name":"Shaded","section":"Shading Mode"},"sceneLighting":false,"audioPlay":false,"sceneViewState":{"showFog":true,"showMaterialUpdate":true,"showSkybox":false,"showFlares":true,"showImageEffects":true,"showParticleSystems":true},"in2DMode":false,"pivot":{"x":104.0569839477539,"y":4.78080940246582,"z":34.29559326171875},"rotation":{"x":-0.08483203500509262,"y":0.900394856929779,"z":-0.20351995527744294,"w":-0.37518391013145449},"size":6.820538520812988,"orthographic":false}