{"cameraMode":{"drawMode":0,"name":"Shaded","section":"Shading Mode"},"sceneLighting":false,"audioPlay":false,"sceneViewState":{"showFog":true,"showMaterialUpdate":true,"showSkybox":false,"showFlares":true,"showImageEffects":true,"showParticleSystems":true},"in2DMode":false,"pivot":{"x":-1.862645149230957e-9,"y":-0.03845079243183136,"z":-0.0024001188576221468},"rotation":{"x":-0.26230600476264956,"y":0.44161880016326907,"z":-0.13675867021083833,"w":-0.8470354676246643},"size":0.3607495427131653,"orthographic":false}