{"cameraMode":{"drawMode":0,"name":"Shaded","section":"Shading Mode"},"sceneLighting":true,"audioPlay":false,"sceneViewState":{"showFog":true,"showMaterialUpdate":true,"showSkybox":true,"showFlares":true,"showImageEffects":true,"showParticleSystems":true},"in2DMode":false,"pivot":{"x":-2.811941146850586,"y":5.8450422286987309,"z":5.079445838928223},"rotation":{"x":0.3869776725769043,"y":0.08144157379865647,"z":-0.03433708846569061,"w":0.9178453683853149},"size":10.0,"orthographic":false}