{"cameraMode":{"drawMode":0,"name":"Shaded","section":"Shading Mode"},"sceneLighting":false,"audioPlay":false,"sceneViewState":{"showFog":true,"showMaterialUpdate":true,"showSkybox":false,"showFlares":true,"showImageEffects":true,"showParticleSystems":true},"in2DMode":false,"pivot":{"x":-0.0022735595703125,"y":-0.005889892578125,"z":-1.2756118774414063},"rotation":{"x":0.036331549286842349,"y":0.9633911848068237,"z":-0.19931337237358094,"w":0.17560721933841706},"size":147.57073974609376,"orthographic":false}