{"cameraMode":{"drawMode":0,"name":"Shaded","section":"Shading Mode"},"sceneLighting":false,"audioPlay":false,"sceneViewState":{"showFog":true,"showMaterialUpdate":true,"showSkybox":false,"showFlares":true,"showImageEffects":true,"showParticleSystems":true},"in2DMode":false,"pivot":{"x":45.40727996826172,"y":48.76390075683594,"z":-100.10202026367188},"rotation":{"x":-0.12965330481529237,"y":0.5581139922142029,"z":-0.08881431818008423,"w":-0.8147485852241516},"size":120.62338256835938,"orthographic":false}