{"cameraMode":{"drawMode":0,"name":"Shaded","section":"Shading Mode"},"sceneLighting":false,"audioPlay":false,"sceneViewState":{"showFog":true,"showMaterialUpdate":true,"showSkybox":false,"showFlares":true,"showImageEffects":true,"showParticleSystems":true},"in2DMode":false,"pivot":{"x":108.50916290283203,"y":5.223633766174316,"z":33.95921325683594},"rotation":{"x":-0.08483203500509262,"y":0.900394856929779,"z":-0.20351995527744294,"w":-0.37518391013145449},"size":2.4219815731048586,"orthographic":false}