{"cameraMode":{"drawMode":0,"name":"Shaded","section":"Shading Mode"},"sceneLighting":false,"audioPlay":false,"sceneViewState":{"showFog":true,"showMaterialUpdate":true,"showSkybox":false,"showFlares":true,"showImageEffects":true,"showParticleSystems":true},"in2DMode":false,"pivot":{"x":0.0,"y":0.13999998569488526,"z":0.8998750448226929},"rotation":{"x":-0.14618118107318879,"y":0.7192010283470154,"z":-0.15915565192699433,"w":-0.6604097485542297},"size":0.36899903416633608,"orthographic":false}