{"cameraMode":{"drawMode":0,"name":"Shaded","section":"Shading Mode"},"sceneLighting":true,"audioPlay":false,"sceneViewState":{"showFog":true,"showMaterialUpdate":true,"showSkybox":true,"showFlares":true,"showImageEffects":true,"showParticleSystems":true},"in2DMode":false,"pivot":{"x":-1.9601397514343262,"y":12.915225982666016,"z":30.662986755371095},"rotation":{"x":-0.24758122861385346,"y":0.19089917838573457,"z":-0.0498257651925087,"w":-0.9485670328140259},"size":21.338064193725587,"orthographic":false}