{"cameraMode":{"drawMode":0,"name":"Shaded","section":"Shading Mode"},"sceneLighting":false,"audioPlay":false,"sceneViewState":{"showFog":true,"showMaterialUpdate":true,"showSkybox":false,"showFlares":true,"showImageEffects":true,"showParticleSystems":true},"in2DMode":false,"pivot":{"x":-182.42494201660157,"y":13.745501518249512,"z":303.38897705078127},"rotation":{"x":0.2312680333852768,"y":0.5947475433349609,"z":-0.18397706747055055,"w":0.747626781463623},"size":10.0,"orthographic":false}