{"cameraMode":{"drawMode":0,"name":"Shaded","section":"Shading Mode"},"sceneLighting":false,"audioPlay":false,"sceneViewState":{"showFog":true,"showMaterialUpdate":true,"showSkybox":false,"showFlares":true,"showImageEffects":true,"showParticleSystems":true},"in2DMode":false,"pivot":{"x":-0.42594480514526369,"y":1.3933696746826172,"z":-0.38364744186401369},"rotation":{"x":-0.26230600476264956,"y":0.44161880016326907,"z":-0.13675867021083833,"w":-0.8470354676246643},"size":7.322868824005127,"orthographic":false}