{"cameraMode":{"drawMode":0,"name":"Shaded","section":"Shading Mode"},"sceneLighting":true,"audioPlay":false,"sceneViewState":{"showFog":true,"showMaterialUpdate":true,"showSkybox":true,"showFlares":true,"showImageEffects":true,"showParticleSystems":true},"in2DMode":false,"pivot":{"x":-5.1480865478515629,"y":8.505383491516114,"z":-11.607705116271973},"rotation":{"x":-0.19011664390563966,"y":0.3421991467475891,"z":-0.07087897509336472,"w":-0.9175076484680176},"size":10.0,"orthographic":false}